project_code,sheet_code,rater_code,mode,status,measured_at,duration_s,tool_version,rules_version,template,file_name,image_width_px,image_height_px,code_source,align_method,structure_mark,structure_mark_source,structure_mark_box,px_per_mm_x,px_per_mm_y,rotation_deg,align_residual_mm,corner_tl_x_px,corner_tl_y_px,corner_tr_x_px,corner_tr_y_px,corner_bl_x_px,corner_bl_y_px,corner_br_x_px,corner_br_y_px,floor_y_mm,floor_slope,axis_x_mm,head_y_mm,foot_y_mm,ceiling_y_mm,wall_x_mm,head_x_px,head_y_px,foot_x_px,foot_y_px,floor_x_px,floor_y_px,ceiling_x_px,ceiling_y_px,wall_x_px,wall_y_px,head_placement,foot_placement,ceiling_placement,wall_placement,axis_placement,head_suggested_y_mm,foot_suggested_y_mm,ceiling_suggested_y_mm,wall_suggested_x_mm,figure_mm,figure_from_floor_mm,foot_floor_gap_mm,ceiling_mm,distance_mm,ref_height_m,scale_mm_per_m,est_vertical_m,est_horizontal_m,est_vertical_alt_m,est_horizontal_alt_m,red_bottom_y_mm,figure_red_mm,est_vertical_red_m,est_horizontal_red_m,ceiling_at_axis_y_mm,wall_at_floor_x_mm,est_vertical_at_axis_m,est_horizontal_at_floor_m,ceiling_spread_mm,wall_spread_mm,ceiling_slant_deg,wall_slant_deg,ceiling_basis,wall_basis,ceiling_avg_y_mm,wall_avg_x_mm,est_vertical_avg_m,est_horizontal_avg_m,flag_red_not_found,flag_figure_small,flag_figure_off_mark,flag_foot_off_floor,flag_multiple_red,flag_axis_moved,flag_manual_alignment,flag_alignment_warning,flag_ceiling_uneven,flag_wall_uneven,flag_structure_mark,flag_color_noncompliant,vertical_not_measurable,horizontal_not_measurable,excl_no_figure,excl_not_standing_full,excl_not_along_axis,excl_other,excluded,note
HUSS-TRIALS,66J34,DEMO,blind,measured,2026-10-05T09:00:00+03:00,,0.2.0,1.4,A4L,trial1_66J34.jpeg,3508,2480,ocr,auto,,,,11.485,11.474,-0.020,0.17,137.74,163.75,3321.65,162.85,141.25,2343.98,3320.06,2342.71,179.97,-0.000161,39.34,167.91,179.97,145.24,90.10,477.50,1976.11,477.69,2114.33,477.69,2114.30,477.15,1716.20,1060.37,2113.98,suggested,suggested,suggested,suggested,auto,167.91,179.97,145.24,90.10,12.06,12.06,0.00,34.73,50.76,1.700,7.0941,4.895,7.155,4.896,7.157,178.45,10.54,5.599,8.184,145.67,90.53,4.834,7.215,2.49,0.62,2.084,0.217,average,average,145.24,90.10,4.895,7.156,0,0,0,0,0,0,0,0,0,0,0,0,0,0,0,0,0,0,0,
HUSS-TRIALS,6QHJ4,DEMO,blind,measured,2026-10-05T09:01:00+03:00,,0.2.0,1.4,A4L,trial1_6QHJ4.jpeg,3508,2480,ocr,auto,,,,11.484,11.475,-0.032,0.18,136.21,163.04,3319.93,161.39,140.83,2343.34,3319.24,2341.49,179.97,-0.000136,40.69,147.36,179.97,91.15,178.75,491.90,1739.81,492.59,2113.63,492.59,2113.58,490.70,1094.96,2077.06,2112.46,suggested,suggested,suggested,suggested,auto,147.36,179.97,91.15,178.75,32.61,32.61,0.00,88.82,138.06,1.700,19.1824,4.630,7.197,4.631,7.198,181.27,33.91,4.452,6.921,95.05,180.20,4.427,7.273,3.98,1.71,2.005,0.572,average,average,91.15,178.75,4.630,7.197,0,0,0,0,0,0,0,0,0,0,0,0,0,0,0,0,0,0,0,
HUSS-TRIALS,CV94Y,DEMO,blind,measured,2026-10-05T09:02:00+03:00,,0.2.0,1.4,A4L,trial1_CV94Y.jpeg,3508,2480,ocr,auto,,,,11.484,11.474,-0.122,0.18,133.66,164.70,3317.52,157.92,141.60,2344.75,3319.84,2337.98,179.96,-0.000119,39.86,158.09,179.96,130.06,114.79,482.59,1863.81,483.43,2114.44,483.43,2114.48,481.51,1542.42,1343.32,2112.55,suggested,suggested,suggested,suggested,auto,158.09,179.96,130.06,114.79,21.87,21.87,0.00,49.90,74.93,1.700,12.8647,3.879,5.824,3.879,5.824,178.55,20.46,4.147,6.227,130.27,115.74,3.863,5.898,2.20,1.15,2.041,2.023,average,average,130.06,114.79,3.879,5.824,0,0,0,0,0,0,0,0,0,0,0,0,0,0,0,0,0,0,0,
HUSS-TRIALS,8ZJQJ,DEMO,blind,measured,2026-10-05T09:03:00+03:00,,0.2.0,1.4,A4L,trial2_8ZJQJ.jpeg,2480,3508,ocr,auto,,,,11.813,11.811,90.052,0.19,2407.48,93.57,2404.58,3369.54,163.54,96.13,160.49,3364.63,179.90,-0.000076,40.62,144.67,179.90,94.63,164.86,815.61,456.91,400.11,457.23,400.10,457.23,1406.39,456.45,398.85,1923.54,suggested,suggested,suggested,suggested,auto,144.67,179.90,94.63,164.86,35.23,35.23,0.00,85.27,124.24,1.700,20.7235,4.115,5.995,4.115,5.995,179.42,34.75,4.172,6.079,92.88,163.96,4.199,5.952,2.57,1.02,2.632,0.101,average,average,94.63,164.86,4.115,5.995,0,0,0,0,0,0,0,0,0,0,0,0,0,0,0,0,0,0,0,
HUSS-TRIALS,A36PF,DEMO,blind,measured,2026-10-05T09:04:00+03:00,,0.2.0,1.4,A4L,trial2_A36PF.jpeg,2480,3508,ocr,auto,,,,11.812,11.812,89.984,0.20,2408.40,93.83,2409.33,3369.81,164.17,99.46,165.08,3367.56,179.90,-0.000072,45.74,142.17,179.90,70.70,195.43,846.22,519.72,401.19,520.64,401.24,520.64,1690.37,517.99,401.86,2287.15,suggested,suggested,suggested,suggested,auto,142.17,179.90,70.70,195.43,37.73,37.73,0.00,109.20,149.69,1.700,22.1941,4.920,6.745,4.921,6.745,179.42,37.25,4.984,6.832,76.05,195.37,4.679,6.742,5.33,1.32,2.793,0.942,average,average,70.70,195.43,4.920,6.745,0,0,1,0,0,0,0,0,1,0,0,0,0,0,0,0,0,0,0,
HUSS-TRIALS,BBYUX,DEMO,blind,measured,2026-10-05T09:05:00+03:00,,0.2.0,1.4,A4L,trial2_BBYUX.jpeg,2480,3508,ocr,auto,,,,11.814,11.809,89.912,0.17,2396.96,93.55,2401.95,3369.56,153.14,100.72,158.20,3369.94,179.91,-0.000073,39.82,159.42,179.91,124.10,113.18,632.13,451.30,390.50,451.99,390.45,452.00,1048.91,450.11,391.85,1318.01,suggested,suggested,suggested,suggested,auto,159.42,179.91,124.10,113.18,20.49,20.49,0.00,55.81,73.36,1.700,12.0529,4.631,6.086,4.630,6.085,179.92,20.50,4.629,6.085,126.00,113.32,4.473,6.098,2.05,0.82,3.614,0.616,average,average,124.10,113.18,4.631,6.087,0,0,0,0,0,0,0,0,0,0,0,0,0,0,0,0,0,0,0,
HUSS-TRIALS,Q4J87,DEMO,blind,measured,2026-10-05T09:06:00+03:00,,0.2.0,1.4,A4L,trial3_01_Q4J87.jpeg,2480,3508,qr,auto,,,,11.815,11.811,89.912,0.15,2305.53,88.07,2310.37,3363.66,61.35,94.92,66.50,3365.07,179.94,-0.000062,39.74,160.75,179.94,109.03,129.62,524.88,444.77,298.48,445.40,298.48,445.40,1135.44,443.06,300.21,1506.74,suggested,suggested,suggested,suggested,auto,160.75,179.94,109.03,129.62,19.19,19.19,0.00,70.91,89.88,1.700,11.2882,6.282,7.962,6.282,7.962,178.83,18.08,6.666,8.450,110.42,129.33,6.159,7.937,1.40,0.97,1.458,1.205,average,average,109.03,129.62,6.282,7.963,0,0,0,0,0,0,0,0,0,0,0,0,0,0,0,0,0,0,0,
HUSS-TRIALS,QQZZX,DEMO,blind,measured,2026-10-05T09:07:00+03:00,,0.2.0,1.4,A4L,trial3_02_QQZZX.jpeg,2480,3508,qr,auto,,,,11.817,11.809,-89.331,0.06,140.14,3378.76,178.33,105.34,2383.69,3404.44,2421.96,131.55,180.01,-0.000035,40.06,141.67,180.01,95.73,156.27,1699.15,3041.37,2151.83,3046.57,2151.81,3046.57,1156.69,3035.15,2167.81,1673.48,suggested,suggested,suggested,suggested,auto,141.67,180.01,95.73,156.27,38.34,38.34,0.00,84.28,116.21,1.700,22.5529,3.737,5.153,3.737,5.153,177.75,36.08,3.971,5.476,92.23,155.26,3.892,5.108,3.52,2.64,1.724,2.175,average,average,95.73,156.27,3.737,5.153,0,0,0,0,0,0,0,0,0,0,0,0,0,0,0,0,0,0,0,
HUSS-TRIALS,92PUH,DEMO,blind,measured,2026-10-05T09:08:00+03:00,,0.2.0,1.4,A4L,trial3_03_92PUH.jpeg,2480,3508,qr,auto,,,,11.816,11.811,89.995,0.15,2313.53,92.36,2313.73,3368.26,69.36,95.86,69.74,3365.84,179.93,-0.000069,37.69,134.17,179.93,96.80,185.61,846.02,421.76,306.07,422.46,306.03,422.46,1287.32,421.18,306.34,2169.02,suggested,suggested,suggested,suggested,auto,134.17,179.93,96.80,185.61,45.76,45.76,0.00,83.13,147.92,1.700,26.9176,3.088,5.495,3.088,5.495,178.25,44.08,3.206,5.705,96.80,186.31,3.089,5.521,16.15,0.90,11.818,0.742,axis,average,80.65,185.61,3.688,5.495,0,0,0,0,0,0,0,0,1,0,0,0,0,0,0,0,0,0,0,
HUSS-TRIALS,HV93Z,DEMO,blind,measured,2026-10-05T09:09:00+03:00,,0.2.0,1.4,A4L,trial3_04_HV93Z.jpeg,2480,3508,qr,auto,,,,11.815,11.811,89.913,0.15,2312.42,89.04,2317.41,3364.79,68.36,95.45,73.32,3365.13,179.93,-0.000040,37.49,137.83,179.93,81.80,155.98,802.22,418.04,305.51,419.32,305.45,419.32,1463.92,416.33,307.63,1818.23,suggested,suggested,suggested,suggested,auto,137.83,179.93,81.80,155.98,42.10,42.10,0.00,98.13,118.49,1.700,24.7647,3.963,4.785,3.962,4.784,176.83,39.00,4.277,5.165,83.25,155.98,3.904,4.785,2.27,12.07,2.635,14.006,average,floor,81.80,167.20,3.963,5.238,0,0,0,0,0,0,0,0,0,1,0,0,0,0,0,0,0,0,0,
HUSS-TRIALS,GGNEV,DEMO,blind,measured,2026-10-05T09:10:00+03:00,,0.2.0,1.4,A4L,trial3_05_GGNEV.jpeg,2480,3508,qr,auto,,,,11.816,11.811,89.922,0.13,2313.04,88.98,2317.51,3364.50,68.96,94.74,73.43,3365.07,179.95,-0.000063,38.30,142.83,179.95,102.51,165.34,743.90,427.28,305.89,428.30,305.87,428.30,1219.98,426.17,308.01,1928.42,suggested,suggested,suggested,suggested,auto,142.83,179.95,102.51,165.34,37.12,37.12,0.00,77.44,127.04,1.700,21.8353,3.547,5.818,3.546,5.818,177.08,34.25,3.843,6.305,109.05,167.04,3.247,5.896,8.75,2.55,3.919,0.174,average,average,102.50,165.34,3.547,5.818,0,0,0,0,0,0,0,0,1,0,0,0,0,0,0,0,0,0,0,
HUSS-TRIALS,P9YWF,DEMO,blind,excluded,2026-10-05T09:11:00+03:00,,0.2.0,1.4,A4L,trial3_06_P9YWF.jpeg,2480,3508,qr,auto,,,,11.816,11.810,89.942,0.14,2325.36,92.48,2328.61,3368.22,81.44,97.58,84.82,3367.89,179.94,-0.000038,40.00,,,94.05,156.66,,,,,318.38,451.31,1332.16,449.27,319.85,1828.89,,,suggested,suggested,auto,,,94.05,156.66,,,,85.89,116.66,1.700,,,,,,,,,,87.48,156.36,,,6.56,2.61,4.764,2.097,average,average,94.05,156.66,,,1,0,0,0,0,0,0,0,1,0,0,0,0,0,1,0,0,0,1,"example: no red figure, excluded"
HUSS-TRIALS,EBNDC,DEMO,blind,excluded,2026-10-05T09:12:00+03:00,,0.2.0,1.4,A4L,trial3_07_EBNDC.jpeg,2480,3508,qr,auto,,,,11.814,11.810,90.120,0.13,2334.14,97.33,2327.23,3372.30,90.27,95.30,83.46,3365.51,179.95,-0.000065,40.00,,,100.18,130.24,,,,,326.02,449.76,1267.57,450.82,323.86,1515.30,,,suggested,suggested,auto,,,100.18,130.24,,,,79.77,90.24,1.700,,,,,,,,,,100.05,130.43,,,2.41,0.49,1.811,0.247,average,average,100.18,130.24,,,1,0,0,0,0,0,0,0,0,0,0,0,0,0,1,0,0,0,1,"example: no red figure, excluded"
HUSS-TRIALS,93ZUF,DEMO,blind,measured,2026-10-05T09:13:00+03:00,,0.2.0,1.4,A4L,trial3_08_93ZUF.jpeg,2480,3508,qr,auto,,,,11.816,11.810,89.950,0.16,2334.81,98.10,2337.71,3373.90,91.04,102.38,93.84,3372.66,179.95,-0.000087,39.15,144.17,179.95,99.14,149.58,749.87,445.43,327.75,446.13,327.76,446.13,1281.49,444.55,329.00,1750.08,suggested,suggested,suggested,suggested,auto,144.17,179.95,99.14,149.58,35.78,35.78,0.00,80.81,110.43,1.700,21.0471,3.839,5.247,3.840,5.247,174.17,30.00,4.580,6.258,99.28,149.59,3.833,5.247,2.11,0.85,0.923,0.652,average,average,99.14,149.58,3.840,5.247,0,0,0,1,0,0,0,0,0,0,0,0,0,0,0,0,0,0,0,
HUSS-TRIALS,V2FPU,DEMO,blind,measured,2026-10-05T09:14:00+03:00,,0.2.0,1.4,A4L,trial3_09_V2FPU.jpeg,2480,3508,qr,auto,,,,11.816,11.810,90.109,0.13,2345.45,96.78,2339.17,3372.18,101.41,95.00,95.26,3365.65,179.94,-0.000082,37.64,146.08,179.94,102.94,144.38,736.96,422.01,337.41,421.61,337.36,421.61,1246.33,422.52,335.09,1682.15,suggested,suggested,suggested,suggested,auto,146.08,179.94,102.94,144.38,33.86,33.86,0.00,77.00,106.74,1.700,19.9176,3.866,5.359,3.866,5.358,185.67,39.59,3.307,4.584,102.48,143.12,3.889,5.296,1.62,3.44,0.505,3.191,average,average,102.94,144.38,3.866,5.359,0,0,0,1,0,0,0,0,0,0,0,0,0,0,0,0,0,0,0,
HUSS-TRIALS,AZPYZ,DEMO,blind,measured,2026-10-05T09:15:00+03:00,,0.2.0,1.4,A4L,trial3_10_AZPYZ.jpeg,2480,3508,qr,auto,,,,11.818,11.810,90.015,0.14,2343.03,93.51,2342.19,3369.49,99.06,95.27,98.23,3366.32,179.94,-0.000073,63.75,139.67,179.94,74.67,190.19,810.68,729.74,335.49,729.91,335.50,729.91,1578.33,729.46,335.23,2223.26,suggested,suggested,suggested,suggested,auto,139.67,179.94,74.67,190.19,40.27,40.27,0.00,105.27,126.44,1.700,23.6882,4.444,5.338,4.444,5.338,179.58,39.91,4.484,5.385,69.81,187.61,4.649,5.229,4.87,3.29,3.186,3.145,average,average,74.67,190.19,4.444,5.338,0,0,1,0,0,0,0,0,0,0,0,0,0,0,0,0,0,0,0,
HUSS-TRIALS,XA569,DEMO,blind,measured,2026-10-05T09:16:00+03:00,,0.2.0,1.4,A4L,trial3_11_XA569.jpeg,2480,3508,qr,auto,,,,11.817,11.810,90.328,0.14,2387.15,106.31,2368.57,3381.93,143.51,95.61,124.61,3366.35,179.94,-0.000101,36.38,138.25,179.94,85.27,177.17,870.17,410.67,378.27,408.23,378.25,408.23,1495.73,413.79,368.83,2070.82,suggested,suggested,suggested,suggested,auto,138.25,179.94,85.27,177.17,41.69,41.69,0.00,94.67,140.79,1.700,24.5235,3.860,5.741,3.860,5.741,177.67,39.42,4.083,6.072,83.46,176.32,3.934,5.706,2.04,1.87,1.022,1.621,average,average,85.27,177.17,3.860,5.741,0,0,0,0,0,0,0,0,0,0,0,0,0,0,0,0,0,0,0,
HUSS-TRIALS,ZHQMJ,DEMO,blind,measured,2026-10-05T09:17:00+03:00,,0.2.0,1.4,A4L,trial3_12_ZHQMJ.jpeg,2480,3508,ocr,auto,,,,11.816,11.811,89.636,0.15,2320.63,80.96,2341.30,3356.77,76.42,97.72,97.34,3367.71,179.93,-0.000068,38.37,148.92,179.93,88.58,150.96,681.11,428.33,315.24,430.96,315.29,430.96,1393.63,423.20,323.87,1760.40,suggested,suggested,suggested,suggested,auto,148.92,179.93,88.58,150.96,31.01,31.01,0.00,91.35,112.59,1.700,18.2412,5.008,6.172,5.008,6.173,179.33,30.41,5.106,6.293,91.59,151.71,4.843,6.214,3.42,0.92,3.410,0.392,average,average,88.58,150.96,5.008,6.172,0,0,0,0,0,0,0,0,0,0,0,0,0,0,0,0,0,0,0,
HUSS-TRIALS,A4P6Y,DEMO,blind,measured,2026-10-05T09:18:00+03:00,,0.2.0,1.4,A4L,trial3_13_A4P6Y.jpeg,2480,3508,ocr,auto_three_corners,,,,11.821,11.810,89.820,0.11,2395.29,95.93,2405.59,3370.39,151.45,105.14,161.75,3379.59,179.95,-0.000030,39.15,154.00,179.95,100.41,154.52,695.78,447.50,389.32,448.75,389.31,448.75,1328.66,444.90,393.64,1812.56,suggested,suggested,suggested,suggested,auto,154.00,179.95,100.41,154.52,25.95,25.95,0.00,79.54,115.37,1.700,15.2647,5.211,7.558,5.211,7.558,179.92,25.92,5.217,7.568,96.47,153.09,5.469,7.464,3.96,2.30,2.513,2.529,average,average,100.41,154.52,5.211,7.558,0,0,0,0,0,0,0,0,0,0,0,0,0,0,0,0,0,0,0,
